<?xml version="1.0"?>
<link_info>
   <banner>TMS320C6x Linker PC v7.4.1</banner>
   <copyright>Copyright (c) 1996-2012 Texas Instruments Incorporated</copyright>
   <link_time>0x6714d691</link_time>
   <output_file>Fir.out</output_file>
   <entry_point>
      <name>_c_int00</name>
      <address>0x10802040</address>
   </entry_point>
   <input_file_list>
      <input_file id="fl-4">
         <path>.\</path>
         <kind>object</kind>
         <file>fir.obj</file>
         <name>fir.obj</name>
      </input_file>
      <input_file id="fl-5">
         <path>C:\ti\ccsv5\tools\compiler\c6000_7.4.1\lib\</path>
         <kind>archive</kind>
         <file>rts64plus.lib</file>
         <name>boot.obj</name>
      </input_file>
      <input_file id="fl-7">
         <path>C:\ti\ccsv5\tools\compiler\c6000_7.4.1\lib\</path>
         <kind>archive</kind>
         <file>rts64plus.lib</file>
         <name>exit.obj</name>
      </input_file>
      <input_file id="fl-8">
         <path>C:\ti\ccsv5\tools\compiler\c6000_7.4.1\lib\</path>
         <kind>archive</kind>
         <file>rts64plus.lib</file>
         <name>args_main.obj</name>
      </input_file>
      <input_file id="fl-9">
         <path>C:\ti\ccsv5\tools\compiler\c6000_7.4.1\lib\</path>
         <kind>archive</kind>
         <file>rts64plus.lib</file>
         <name>autoinit.obj</name>
      </input_file>
      <input_file id="fl-a">
         <path>C:\ti\ccsv5\tools\compiler\c6000_7.4.1\lib\</path>
         <kind>archive</kind>
         <file>rts64plus.lib</file>
         <name>cpp_init.obj</name>
      </input_file>
      <input_file id="fl-b">
         <path>C:\ti\ccsv5\tools\compiler\c6000_7.4.1\lib\</path>
         <kind>archive</kind>
         <file>rts64plus.lib</file>
         <name>cpy_tbl.obj</name>
      </input_file>
      <input_file id="fl-c">
         <path>C:\ti\ccsv5\tools\compiler\c6000_7.4.1\lib\</path>
         <kind>archive</kind>
         <file>rts64plus.lib</file>
         <name>memcpy64.obj</name>
      </input_file>
      <input_file id="fl-d">
         <path>C:\ti\ccsv5\tools\compiler\c6000_7.4.1\lib\</path>
         <kind>archive</kind>
         <file>rts64plus.lib</file>
         <name>addd.obj</name>
      </input_file>
      <input_file id="fl-e">
         <path>C:\ti\ccsv5\tools\compiler\c6000_7.4.1\lib\</path>
         <kind>archive</kind>
         <file>rts64plus.lib</file>
         <name>addf.obj</name>
      </input_file>
      <input_file id="fl-f">
         <path>C:\ti\ccsv5\tools\compiler\c6000_7.4.1\lib\</path>
         <kind>archive</kind>
         <file>rts64plus.lib</file>
         <name>cmpf.obj</name>
      </input_file>
      <input_file id="fl-10">
         <path>C:\ti\ccsv5\tools\compiler\c6000_7.4.1\lib\</path>
         <kind>archive</kind>
         <file>rts64plus.lib</file>
         <name>cos.obj</name>
      </input_file>
      <input_file id="fl-11">
         <path>C:\ti\ccsv5\tools\compiler\c6000_7.4.1\lib\</path>
         <kind>archive</kind>
         <file>rts64plus.lib</file>
         <name>cvtdf.obj</name>
      </input_file>
      <input_file id="fl-12">
         <path>C:\ti\ccsv5\tools\compiler\c6000_7.4.1\lib\</path>
         <kind>archive</kind>
         <file>rts64plus.lib</file>
         <name>cvtfd.obj</name>
      </input_file>
      <input_file id="fl-13">
         <path>C:\ti\ccsv5\tools\compiler\c6000_7.4.1\lib\</path>
         <kind>archive</kind>
         <file>rts64plus.lib</file>
         <name>fixdi.obj</name>
      </input_file>
      <input_file id="fl-14">
         <path>C:\ti\ccsv5\tools\compiler\c6000_7.4.1\lib\</path>
         <kind>archive</kind>
         <file>rts64plus.lib</file>
         <name>fltid.obj</name>
      </input_file>
      <input_file id="fl-15">
         <path>C:\ti\ccsv5\tools\compiler\c6000_7.4.1\lib\</path>
         <kind>archive</kind>
         <file>rts64plus.lib</file>
         <name>frcaddd.obj</name>
      </input_file>
      <input_file id="fl-16">
         <path>C:\ti\ccsv5\tools\compiler\c6000_7.4.1\lib\</path>
         <kind>archive</kind>
         <file>rts64plus.lib</file>
         <name>modf.obj</name>
      </input_file>
      <input_file id="fl-17">
         <path>C:\ti\ccsv5\tools\compiler\c6000_7.4.1\lib\</path>
         <kind>archive</kind>
         <file>rts64plus.lib</file>
         <name>mpyd.obj</name>
      </input_file>
      <input_file id="fl-18">
         <path>C:\ti\ccsv5\tools\compiler\c6000_7.4.1\lib\</path>
         <kind>archive</kind>
         <file>rts64plus.lib</file>
         <name>mpyf.obj</name>
      </input_file>
      <input_file id="fl-19">
         <path>C:\ti\ccsv5\tools\compiler\c6000_7.4.1\lib\</path>
         <kind>archive</kind>
         <file>rts64plus.lib</file>
         <name>negd.obj</name>
      </input_file>
      <input_file id="fl-1a">
         <path>C:\ti\ccsv5\tools\compiler\c6000_7.4.1\lib\</path>
         <kind>archive</kind>
         <file>rts64plus.lib</file>
         <name>renormd.obj</name>
      </input_file>
      <input_file id="fl-1b">
         <path>C:\ti\ccsv5\tools\compiler\c6000_7.4.1\lib\</path>
         <kind>archive</kind>
         <file>rts64plus.lib</file>
         <name>round.obj</name>
      </input_file>
      <input_file id="fl-1c">
         <path>C:\ti\ccsv5\tools\compiler\c6000_7.4.1\lib\</path>
         <kind>archive</kind>
         <file>rts64plus.lib</file>
         <name>sin.obj</name>
      </input_file>
      <input_file id="fl-1d">
         <path>C:\ti\ccsv5\tools\compiler\c6000_7.4.1\lib\</path>
         <kind>archive</kind>
         <file>rts64plus.lib</file>
         <name>subd.obj</name>
      </input_file>
      <input_file id="fl-1e">
         <path>C:\ti\ccsv5\tools\compiler\c6000_7.4.1\lib\</path>
         <kind>archive</kind>
         <file>rts64plus.lib</file>
         <name>subf.obj</name>
      </input_file>
      <input_file id="fl-1f">
         <path>C:\ti\ccsv5\tools\compiler\c6000_7.4.1\lib\</path>
         <kind>archive</kind>
         <file>rts64plus.lib</file>
         <name>trunc.obj</name>
      </input_file>
      <input_file id="fl-20">
         <path>C:\ti\ccsv5\tools\compiler\c6000_7.4.1\lib\</path>
         <kind>archive</kind>
         <file>rts64plus.lib</file>
         <name>cmpd.obj</name>
      </input_file>
      <input_file id="fl-21">
         <path>C:\ti\ccsv5\tools\compiler\c6000_7.4.1\lib\</path>
         <kind>archive</kind>
         <file>rts64plus.lib</file>
         <name>frcmpyd.obj</name>
      </input_file>
      <input_file id="fl-22">
         <path>C:\ti\ccsv5\tools\compiler\c6000_7.4.1\lib\</path>
         <kind>archive</kind>
         <file>rts64plus.lib</file>
         <name>frcmpyf.obj</name>
      </input_file>
   </input_file_list>
   <object_component_list>
      <object_component id="oc-e">
         <name>.bss</name>
         <uninitialized>true</uninitialized>
         <run_address>0x10803c3c</run_address>
         <size>0x30</size>
         <input_file_ref idref="fl-4"/>
      </object_component>
      <object_component id="oc-10">
         <name>.cinit</name>
         <load_address>0x10803b10</load_address>
         <run_address>0x10803b10</run_address>
         <size>0x64</size>
         <input_file_ref idref="fl-4"/>
      </object_component>
      <object_component id="oc-37">
         <name>.cinit</name>
         <load_address>0x10803b78</load_address>
         <run_address>0x10803b78</run_address>
         <size>0x48</size>
         <input_file_ref idref="fl-10"/>
      </object_component>
      <object_component id="oc-5d">
         <name>.cinit</name>
         <load_address>0x10803bc0</load_address>
         <run_address>0x10803bc0</run_address>
         <size>0x48</size>
         <input_file_ref idref="fl-1c"/>
      </object_component>
      <object_component id="oc-1a">
         <name>.cinit</name>
         <load_address>0x10803c08</load_address>
         <run_address>0x10803c08</run_address>
         <size>0x2c</size>
         <input_file_ref idref="fl-7"/>
      </object_component>
      <object_component id="oc-11">
         <name>.far</name>
         <uninitialized>true</uninitialized>
         <run_address>0x108031e0</run_address>
         <size>0x8a0</size>
         <input_file_ref idref="fl-4"/>
      </object_component>
      <object_component id="oc-1b">
         <name>.far</name>
         <uninitialized>true</uninitialized>
         <run_address>0x10803b00</run_address>
         <size>0xc</size>
         <input_file_ref idref="fl-7"/>
      </object_component>
      <object_component id="oc-38">
         <name>.far</name>
         <uninitialized>true</uninitialized>
         <run_address>0x10803a80</run_address>
         <size>0x40</size>
         <input_file_ref idref="fl-10"/>
      </object_component>
      <object_component id="oc-5e">
         <name>.far</name>
         <uninitialized>true</uninitialized>
         <run_address>0x10803ac0</run_address>
         <size>0x40</size>
         <input_file_ref idref="fl-1c"/>
      </object_component>
      <object_component id="oc-16">
         <name>.stack</name>
         <uninitialized>true</uninitialized>
         <run_address>0x108021e0</run_address>
         <size>0x8</size>
         <input_file_ref idref="fl-5"/>
      </object_component>
      <object_component id="oc-a5">
         <name>.stack</name>
         <uninitialized>true</uninitialized>
         <run_address>0x108021e0</run_address>
         <size>0x0</size>
      </object_component>
      <object_component id="oc-7d">
         <name>.text:_cos</name>
         <load_address>0x10800000</load_address>
         <run_address>0x10800000</run_address>
         <size>0x400</size>
         <input_file_ref idref="fl-10"/>
      </object_component>
      <object_component id="oc-7c">
         <name>.text:_sin</name>
         <load_address>0x10800400</load_address>
         <run_address>0x10800400</run_address>
         <size>0x3c0</size>
         <input_file_ref idref="fl-1c"/>
      </object_component>
      <object_component id="oc-79">
         <name>.text</name>
         <load_address>0x108007c0</load_address>
         <run_address>0x108007c0</run_address>
         <size>0x360</size>
         <input_file_ref idref="fl-4"/>
      </object_component>
      <object_component id="oc-80">
         <name>.text:__addf</name>
         <load_address>0x10800b20</load_address>
         <run_address>0x10800b20</run_address>
         <size>0x2e0</size>
         <input_file_ref idref="fl-e"/>
      </object_component>
      <object_component id="oc-85">
         <name>.text:__mpyd</name>
         <load_address>0x10800e00</load_address>
         <run_address>0x10800e00</run_address>
         <size>0x260</size>
         <input_file_ref idref="fl-17"/>
      </object_component>
      <object_component id="oc-7e">
         <name>.text:__addd</name>
         <load_address>0x10801060</load_address>
         <run_address>0x10801060</run_address>
         <size>0x200</size>
         <input_file_ref idref="fl-d"/>
      </object_component>
      <object_component id="oc-8d">
         <name>.text:__frcaddd</name>
         <load_address>0x10801260</load_address>
         <run_address>0x10801260</run_address>
         <size>0x200</size>
         <input_file_ref idref="fl-15"/>
      </object_component>
      <object_component id="oc-83">
         <name>.text:__mpyf</name>
         <load_address>0x10801460</load_address>
         <run_address>0x10801460</run_address>
         <size>0x200</size>
         <input_file_ref idref="fl-18"/>
      </object_component>
      <object_component id="oc-8f">
         <name>.text:__frcmpyd</name>
         <load_address>0x10801660</load_address>
         <run_address>0x10801660</run_address>
         <size>0x100</size>
         <input_file_ref idref="fl-21"/>
      </object_component>
      <object_component id="oc-86">
         <name>.text:__nround</name>
         <load_address>0x10801760</load_address>
         <run_address>0x10801760</run_address>
         <size>0x100</size>
         <input_file_ref idref="fl-1b"/>
      </object_component>
      <object_component id="oc-84">
         <name>.text:__cmpd</name>
         <load_address>0x10801860</load_address>
         <run_address>0x10801860</run_address>
         <size>0xe0</size>
         <input_file_ref idref="fl-20"/>
      </object_component>
      <object_component id="oc-73">
         <name>.text:__auto_init</name>
         <load_address>0x10801940</load_address>
         <run_address>0x10801940</run_address>
         <size>0xc0</size>
         <input_file_ref idref="fl-9"/>
      </object_component>
      <object_component id="oc-75">
         <name>.text:_exit</name>
         <load_address>0x10801a00</load_address>
         <run_address>0x10801a00</run_address>
         <size>0xc0</size>
         <input_file_ref idref="fl-7"/>
      </object_component>
      <object_component id="oc-7f">
         <name>.text:__cvtdf</name>
         <load_address>0x10801ac0</load_address>
         <run_address>0x10801ac0</run_address>
         <size>0xa0</size>
         <input_file_ref idref="fl-11"/>
      </object_component>
      <object_component id="oc-76">
         <name>.text:_copy_in</name>
         <load_address>0x10801b60</load_address>
         <run_address>0x10801b60</run_address>
         <size>0xa0</size>
         <input_file_ref idref="fl-b"/>
      </object_component>
      <object_component id="oc-77">
         <name>.text:_memcpy</name>
         <load_address>0x10801c00</load_address>
         <run_address>0x10801c00</run_address>
         <size>0xa0</size>
         <input_file_ref idref="fl-c"/>
      </object_component>
      <object_component id="oc-8a">
         <name>.text:_modf</name>
         <load_address>0x10801ca0</load_address>
         <run_address>0x10801ca0</run_address>
         <size>0xa0</size>
         <input_file_ref idref="fl-16"/>
      </object_component>
      <object_component id="oc-81">
         <name>.text:__cmpf</name>
         <load_address>0x10801d40</load_address>
         <run_address>0x10801d40</run_address>
         <size>0x80</size>
         <input_file_ref idref="fl-f"/>
      </object_component>
      <object_component id="oc-87">
         <name>.text:__fixdi</name>
         <load_address>0x10801dc0</load_address>
         <run_address>0x10801dc0</run_address>
         <size>0x80</size>
         <input_file_ref idref="fl-13"/>
      </object_component>
      <object_component id="oc-90">
         <name>.text:__renormd</name>
         <load_address>0x10801e40</load_address>
         <run_address>0x10801e40</run_address>
         <size>0x80</size>
         <input_file_ref idref="fl-1a"/>
      </object_component>
      <object_component id="oc-78">
         <name>.text:___TI_cpp_init</name>
         <load_address>0x10801ec0</load_address>
         <run_address>0x10801ec0</run_address>
         <size>0x60</size>
         <input_file_ref idref="fl-a"/>
      </object_component>
      <object_component id="oc-7b">
         <name>.text:__cvtfd</name>
         <load_address>0x10801f20</load_address>
         <run_address>0x10801f20</run_address>
         <size>0x60</size>
         <input_file_ref idref="fl-12"/>
      </object_component>
      <object_component id="oc-88">
         <name>.text:__fltid</name>
         <load_address>0x10801f80</load_address>
         <run_address>0x10801f80</run_address>
         <size>0x60</size>
         <input_file_ref idref="fl-14"/>
      </object_component>
      <object_component id="oc-8e">
         <name>.text:__frcmpyf</name>
         <load_address>0x10801fe0</load_address>
         <run_address>0x10801fe0</run_address>
         <size>0x60</size>
         <input_file_ref idref="fl-22"/>
      </object_component>
      <object_component id="oc-d">
         <name>.text:_c_int00</name>
         <load_address>0x10802040</load_address>
         <run_address>0x10802040</run_address>
         <size>0x60</size>
         <input_file_ref idref="fl-5"/>
      </object_component>
      <object_component id="oc-74">
         <name>.text:__args_main</name>
         <load_address>0x108020a0</load_address>
         <run_address>0x108020a0</run_address>
         <size>0x40</size>
         <input_file_ref idref="fl-8"/>
      </object_component>
      <object_component id="oc-8c">
         <name>.text:__negd</name>
         <load_address>0x108020e0</load_address>
         <run_address>0x108020e0</run_address>
         <size>0x40</size>
         <input_file_ref idref="fl-19"/>
      </object_component>
      <object_component id="oc-8b">
         <name>.text:__subd</name>
         <load_address>0x10802120</load_address>
         <run_address>0x10802120</run_address>
         <size>0x40</size>
         <input_file_ref idref="fl-1d"/>
      </object_component>
      <object_component id="oc-82">
         <name>.text:__subf</name>
         <load_address>0x10802160</load_address>
         <run_address>0x10802160</run_address>
         <size>0x40</size>
         <input_file_ref idref="fl-1e"/>
      </object_component>
      <object_component id="oc-89">
         <name>.text:__trunc</name>
         <load_address>0x108021a0</load_address>
         <run_address>0x108021a0</run_address>
         <size>0x20</size>
         <input_file_ref idref="fl-1f"/>
      </object_component>
      <object_component id="oc-7a">
         <name>.text:_abort</name>
         <load_address>0x108021c0</load_address>
         <run_address>0x108021c0</run_address>
         <size>0x20</size>
         <input_file_ref idref="fl-7"/>
      </object_component>
      <object_component id="oc-f">
         <name>.debug_info</name>
         <load_address>0x0</load_address>
         <run_address>0x0</run_address>
         <size>0xab5</size>
         <input_file_ref idref="fl-4"/>
      </object_component>
      <object_component id="oc-15">
         <name>.debug_info</name>
         <load_address>0xab5</load_address>
         <run_address>0xab5</run_address>
         <size>0x6f2</size>
         <input_file_ref idref="fl-5"/>
      </object_component>
      <object_component id="oc-19">
         <name>.debug_info</name>
         <load_address>0x11a7</load_address>
         <run_address>0x11a7</run_address>
         <size>0x7bf</size>
         <input_file_ref idref="fl-7"/>
      </object_component>
      <object_component id="oc-1e">
         <name>.debug_info</name>
         <load_address>0x1966</load_address>
         <run_address>0x1966</run_address>
         <size>0x6c8</size>
         <input_file_ref idref="fl-8"/>
      </object_component>
      <object_component id="oc-21">
         <name>.debug_info</name>
         <load_address>0x202e</load_address>
         <run_address>0x202e</run_address>
         <size>0x83e</size>
         <input_file_ref idref="fl-9"/>
      </object_component>
      <object_component id="oc-24">
         <name>.debug_info</name>
         <load_address>0x286c</load_address>
         <run_address>0x286c</run_address>
         <size>0x6b6</size>
         <input_file_ref idref="fl-a"/>
      </object_component>
      <object_component id="oc-27">
         <name>.debug_info</name>
         <load_address>0x2f22</load_address>
         <run_address>0x2f22</run_address>
         <size>0x7ac</size>
         <input_file_ref idref="fl-b"/>
      </object_component>
      <object_component id="oc-2a">
         <name>.debug_info</name>
         <load_address>0x36ce</load_address>
         <run_address>0x36ce</run_address>
         <size>0xcc</size>
         <input_file_ref idref="fl-c"/>
      </object_component>
      <object_component id="oc-2d">
         <name>.debug_info</name>
         <load_address>0x379a</load_address>
         <run_address>0x379a</run_address>
         <size>0x6d1</size>
         <input_file_ref idref="fl-d"/>
      </object_component>
      <object_component id="oc-30">
         <name>.debug_info</name>
         <load_address>0x3e6b</load_address>
         <run_address>0x3e6b</run_address>
         <size>0x6ae</size>
         <input_file_ref idref="fl-e"/>
      </object_component>
      <object_component id="oc-33">
         <name>.debug_info</name>
         <load_address>0x4519</load_address>
         <run_address>0x4519</run_address>
         <size>0x63e</size>
         <input_file_ref idref="fl-f"/>
      </object_component>
      <object_component id="oc-36">
         <name>.debug_info</name>
         <load_address>0x4b57</load_address>
         <run_address>0x4b57</run_address>
         <size>0x8af</size>
         <input_file_ref idref="fl-10"/>
      </object_component>
      <object_component id="oc-3b">
         <name>.debug_info</name>
         <load_address>0x5406</load_address>
         <run_address>0x5406</run_address>
         <size>0x68b</size>
         <input_file_ref idref="fl-11"/>
      </object_component>
      <object_component id="oc-3e">
         <name>.debug_info</name>
         <load_address>0x5a91</load_address>
         <run_address>0x5a91</run_address>
         <size>0x685</size>
         <input_file_ref idref="fl-12"/>
      </object_component>
      <object_component id="oc-41">
         <name>.debug_info</name>
         <load_address>0x6116</load_address>
         <run_address>0x6116</run_address>
         <size>0x67b</size>
         <input_file_ref idref="fl-13"/>
      </object_component>
      <object_component id="oc-44">
         <name>.debug_info</name>
         <load_address>0x6791</load_address>
         <run_address>0x6791</run_address>
         <size>0x68e</size>
         <input_file_ref idref="fl-14"/>
      </object_component>
      <object_component id="oc-47">
         <name>.debug_info</name>
         <load_address>0x6e1f</load_address>
         <run_address>0x6e1f</run_address>
         <size>0x6dd</size>
         <input_file_ref idref="fl-15"/>
      </object_component>
      <object_component id="oc-4a">
         <name>.debug_info</name>
         <load_address>0x74fc</load_address>
         <run_address>0x74fc</run_address>
         <size>0x66e</size>
         <input_file_ref idref="fl-16"/>
      </object_component>
      <object_component id="oc-4d">
         <name>.debug_info</name>
         <load_address>0x7b6a</load_address>
         <run_address>0x7b6a</run_address>
         <size>0x6cc</size>
         <input_file_ref idref="fl-17"/>
      </object_component>
      <object_component id="oc-50">
         <name>.debug_info</name>
         <load_address>0x8236</load_address>
         <run_address>0x8236</run_address>
         <size>0x699</size>
         <input_file_ref idref="fl-18"/>
      </object_component>
      <object_component id="oc-53">
         <name>.debug_info</name>
         <load_address>0x88cf</load_address>
         <run_address>0x88cf</run_address>
         <size>0x604</size>
         <input_file_ref idref="fl-19"/>
      </object_component>
      <object_component id="oc-56">
         <name>.debug_info</name>
         <load_address>0x8ed3</load_address>
         <run_address>0x8ed3</run_address>
         <size>0x6f5</size>
         <input_file_ref idref="fl-1a"/>
      </object_component>
      <object_component id="oc-59">
         <name>.debug_info</name>
         <load_address>0x95c8</load_address>
         <run_address>0x95c8</run_address>
         <size>0x68d</size>
         <input_file_ref idref="fl-1b"/>
      </object_component>
      <object_component id="oc-5c">
         <name>.debug_info</name>
         <load_address>0x9c55</load_address>
         <run_address>0x9c55</run_address>
         <size>0x888</size>
         <input_file_ref idref="fl-1c"/>
      </object_component>
      <object_component id="oc-61">
         <name>.debug_info</name>
         <load_address>0xa4dd</load_address>
         <run_address>0xa4dd</run_address>
         <size>0x62b</size>
         <input_file_ref idref="fl-1d"/>
      </object_component>
      <object_component id="oc-64">
         <name>.debug_info</name>
         <load_address>0xab08</load_address>
         <run_address>0xab08</run_address>
         <size>0x62b</size>
         <input_file_ref idref="fl-1e"/>
      </object_component>
      <object_component id="oc-67">
         <name>.debug_info</name>
         <load_address>0xb133</load_address>
         <run_address>0xb133</run_address>
         <size>0x638</size>
         <input_file_ref idref="fl-1f"/>
      </object_component>
      <object_component id="oc-6a">
         <name>.debug_info</name>
         <load_address>0xb76b</load_address>
         <run_address>0xb76b</run_address>
         <size>0x68c</size>
         <input_file_ref idref="fl-20"/>
      </object_component>
      <object_component id="oc-6d">
         <name>.debug_info</name>
         <load_address>0xbdf7</load_address>
         <run_address>0xbdf7</run_address>
         <size>0x719</size>
         <input_file_ref idref="fl-21"/>
      </object_component>
      <object_component id="oc-70">
         <name>.debug_info</name>
         <load_address>0xc510</load_address>
         <run_address>0xc510</run_address>
         <size>0x682</size>
         <input_file_ref idref="fl-22"/>
      </object_component>
      <object_component id="oc-a6">
         <name>.debug_info</name>
         <load_address>0xcb92</load_address>
         <run_address>0xcb92</run_address>
         <size>0x6d</size>
      </object_component>
      <object_component id="oc-12">
         <name>.debug_frame</name>
         <load_address>0x0</load_address>
         <run_address>0x0</run_address>
         <size>0x29e</size>
         <input_file_ref idref="fl-4"/>
      </object_component>
      <object_component id="oc-13">
         <name>.debug_line</name>
         <load_address>0x0</load_address>
         <run_address>0x0</run_address>
         <size>0xd0</size>
         <input_file_ref idref="fl-4"/>
      </object_component>
      <object_component id="oc-17">
         <name>.debug_line</name>
         <load_address>0xd0</load_address>
         <run_address>0xd0</run_address>
         <size>0x3d</size>
         <input_file_ref idref="fl-5"/>
      </object_component>
      <object_component id="oc-1c">
         <name>.debug_line</name>
         <load_address>0x10d</load_address>
         <run_address>0x10d</run_address>
         <size>0x4f</size>
         <input_file_ref idref="fl-7"/>
      </object_component>
      <object_component id="oc-1f">
         <name>.debug_line</name>
         <load_address>0x15c</load_address>
         <run_address>0x15c</run_address>
         <size>0x3f</size>
         <input_file_ref idref="fl-8"/>
      </object_component>
      <object_component id="oc-22">
         <name>.debug_line</name>
         <load_address>0x19b</load_address>
         <run_address>0x19b</run_address>
         <size>0x49</size>
         <input_file_ref idref="fl-9"/>
      </object_component>
      <object_component id="oc-25">
         <name>.debug_line</name>
         <load_address>0x1e4</load_address>
         <run_address>0x1e4</run_address>
         <size>0x45</size>
         <input_file_ref idref="fl-a"/>
      </object_component>
      <object_component id="oc-28">
         <name>.debug_line</name>
         <load_address>0x229</load_address>
         <run_address>0x229</run_address>
         <size>0x44</size>
         <input_file_ref idref="fl-b"/>
      </object_component>
      <object_component id="oc-2b">
         <name>.debug_line</name>
         <load_address>0x26d</load_address>
         <run_address>0x26d</run_address>
         <size>0x4a</size>
         <input_file_ref idref="fl-c"/>
      </object_component>
      <object_component id="oc-2e">
         <name>.debug_line</name>
         <load_address>0x2b7</load_address>
         <run_address>0x2b7</run_address>
         <size>0x3b</size>
         <input_file_ref idref="fl-d"/>
      </object_component>
      <object_component id="oc-31">
         <name>.debug_line</name>
         <load_address>0x2f2</load_address>
         <run_address>0x2f2</run_address>
         <size>0x58</size>
         <input_file_ref idref="fl-e"/>
      </object_component>
      <object_component id="oc-34">
         <name>.debug_line</name>
         <load_address>0x34a</load_address>
         <run_address>0x34a</run_address>
         <size>0x37</size>
         <input_file_ref idref="fl-f"/>
      </object_component>
      <object_component id="oc-39">
         <name>.debug_line</name>
         <load_address>0x381</load_address>
         <run_address>0x381</run_address>
         <size>0x54</size>
         <input_file_ref idref="fl-10"/>
      </object_component>
      <object_component id="oc-3c">
         <name>.debug_line</name>
         <load_address>0x3d5</load_address>
         <run_address>0x3d5</run_address>
         <size>0x3d</size>
         <input_file_ref idref="fl-11"/>
      </object_component>
      <object_component id="oc-3f">
         <name>.debug_line</name>
         <load_address>0x412</load_address>
         <run_address>0x412</run_address>
         <size>0x3d</size>
         <input_file_ref idref="fl-12"/>
      </object_component>
      <object_component id="oc-42">
         <name>.debug_line</name>
         <load_address>0x44f</load_address>
         <run_address>0x44f</run_address>
         <size>0x3d</size>
         <input_file_ref idref="fl-13"/>
      </object_component>
      <object_component id="oc-45">
         <name>.debug_line</name>
         <load_address>0x48c</load_address>
         <run_address>0x48c</run_address>
         <size>0x3d</size>
         <input_file_ref idref="fl-14"/>
      </object_component>
      <object_component id="oc-48">
         <name>.debug_line</name>
         <load_address>0x4c9</load_address>
         <run_address>0x4c9</run_address>
         <size>0x3f</size>
         <input_file_ref idref="fl-15"/>
      </object_component>
      <object_component id="oc-4b">
         <name>.debug_line</name>
         <load_address>0x508</load_address>
         <run_address>0x508</run_address>
         <size>0x37</size>
         <input_file_ref idref="fl-16"/>
      </object_component>
      <object_component id="oc-4e">
         <name>.debug_line</name>
         <load_address>0x53f</load_address>
         <run_address>0x53f</run_address>
         <size>0x37</size>
         <input_file_ref idref="fl-17"/>
      </object_component>
      <object_component id="oc-51">
         <name>.debug_line</name>
         <load_address>0x576</load_address>
         <run_address>0x576</run_address>
         <size>0x3b</size>
         <input_file_ref idref="fl-18"/>
      </object_component>
      <object_component id="oc-54">
         <name>.debug_line</name>
         <load_address>0x5b1</load_address>
         <run_address>0x5b1</run_address>
         <size>0x37</size>
         <input_file_ref idref="fl-19"/>
      </object_component>
      <object_component id="oc-57">
         <name>.debug_line</name>
         <load_address>0x5e8</load_address>
         <run_address>0x5e8</run_address>
         <size>0x59</size>
         <input_file_ref idref="fl-1a"/>
      </object_component>
      <object_component id="oc-5a">
         <name>.debug_line</name>
         <load_address>0x641</load_address>
         <run_address>0x641</run_address>
         <size>0x3c</size>
         <input_file_ref idref="fl-1b"/>
      </object_component>
      <object_component id="oc-5f">
         <name>.debug_line</name>
         <load_address>0x67d</load_address>
         <run_address>0x67d</run_address>
         <size>0x54</size>
         <input_file_ref idref="fl-1c"/>
      </object_component>
      <object_component id="oc-62">
         <name>.debug_line</name>
         <load_address>0x6d1</load_address>
         <run_address>0x6d1</run_address>
         <size>0x37</size>
         <input_file_ref idref="fl-1d"/>
      </object_component>
      <object_component id="oc-65">
         <name>.debug_line</name>
         <load_address>0x708</load_address>
         <run_address>0x708</run_address>
         <size>0x37</size>
         <input_file_ref idref="fl-1e"/>
      </object_component>
      <object_component id="oc-68">
         <name>.debug_line</name>
         <load_address>0x73f</load_address>
         <run_address>0x73f</run_address>
         <size>0x38</size>
         <input_file_ref idref="fl-1f"/>
      </object_component>
      <object_component id="oc-6b">
         <name>.debug_line</name>
         <load_address>0x777</load_address>
         <run_address>0x777</run_address>
         <size>0x37</size>
         <input_file_ref idref="fl-20"/>
      </object_component>
      <object_component id="oc-6e">
         <name>.debug_line</name>
         <load_address>0x7ae</load_address>
         <run_address>0x7ae</run_address>
         <size>0x3a</size>
         <input_file_ref idref="fl-21"/>
      </object_component>
      <object_component id="oc-71">
         <name>.debug_line</name>
         <load_address>0x7e8</load_address>
         <run_address>0x7e8</run_address>
         <size>0x3a</size>
         <input_file_ref idref="fl-22"/>
      </object_component>
      <object_component id="oc-14">
         <name>.debug_abbrev</name>
         <load_address>0x0</load_address>
         <run_address>0x0</run_address>
         <size>0xe8</size>
         <input_file_ref idref="fl-4"/>
      </object_component>
      <object_component id="oc-18">
         <name>.debug_abbrev</name>
         <load_address>0xe8</load_address>
         <run_address>0xe8</run_address>
         <size>0xfe</size>
         <input_file_ref idref="fl-5"/>
      </object_component>
      <object_component id="oc-1d">
         <name>.debug_abbrev</name>
         <load_address>0x1e6</load_address>
         <run_address>0x1e6</run_address>
         <size>0x119</size>
         <input_file_ref idref="fl-7"/>
      </object_component>
      <object_component id="oc-20">
         <name>.debug_abbrev</name>
         <load_address>0x2ff</load_address>
         <run_address>0x2ff</run_address>
         <size>0xe1</size>
         <input_file_ref idref="fl-8"/>
      </object_component>
      <object_component id="oc-23">
         <name>.debug_abbrev</name>
         <load_address>0x3e0</load_address>
         <run_address>0x3e0</run_address>
         <size>0x13f</size>
         <input_file_ref idref="fl-9"/>
      </object_component>
      <object_component id="oc-26">
         <name>.debug_abbrev</name>
         <load_address>0x51f</load_address>
         <run_address>0x51f</run_address>
         <size>0xdd</size>
         <input_file_ref idref="fl-a"/>
      </object_component>
      <object_component id="oc-29">
         <name>.debug_abbrev</name>
         <load_address>0x5fc</load_address>
         <run_address>0x5fc</run_address>
         <size>0x10c</size>
         <input_file_ref idref="fl-b"/>
      </object_component>
      <object_component id="oc-2c">
         <name>.debug_abbrev</name>
         <load_address>0x708</load_address>
         <run_address>0x708</run_address>
         <size>0x3a</size>
         <input_file_ref idref="fl-c"/>
      </object_component>
      <object_component id="oc-2f">
         <name>.debug_abbrev</name>
         <load_address>0x742</load_address>
         <run_address>0x742</run_address>
         <size>0xda</size>
         <input_file_ref idref="fl-d"/>
      </object_component>
      <object_component id="oc-32">
         <name>.debug_abbrev</name>
         <load_address>0x81c</load_address>
         <run_address>0x81c</run_address>
         <size>0xb5</size>
         <input_file_ref idref="fl-e"/>
      </object_component>
      <object_component id="oc-35">
         <name>.debug_abbrev</name>
         <load_address>0x8d1</load_address>
         <run_address>0x8d1</run_address>
         <size>0x98</size>
         <input_file_ref idref="fl-f"/>
      </object_component>
      <object_component id="oc-3a">
         <name>.debug_abbrev</name>
         <load_address>0x969</load_address>
         <run_address>0x969</run_address>
         <size>0xcc</size>
         <input_file_ref idref="fl-10"/>
      </object_component>
      <object_component id="oc-3d">
         <name>.debug_abbrev</name>
         <load_address>0xa35</load_address>
         <run_address>0xa35</run_address>
         <size>0xc3</size>
         <input_file_ref idref="fl-11"/>
      </object_component>
      <object_component id="oc-40">
         <name>.debug_abbrev</name>
         <load_address>0xaf8</load_address>
         <run_address>0xaf8</run_address>
         <size>0xc3</size>
         <input_file_ref idref="fl-12"/>
      </object_component>
      <object_component id="oc-43">
         <name>.debug_abbrev</name>
         <load_address>0xbbb</load_address>
         <run_address>0xbbb</run_address>
         <size>0xac</size>
         <input_file_ref idref="fl-13"/>
      </object_component>
      <object_component id="oc-46">
         <name>.debug_abbrev</name>
         <load_address>0xc67</load_address>
         <run_address>0xc67</run_address>
         <size>0xc3</size>
         <input_file_ref idref="fl-14"/>
      </object_component>
      <object_component id="oc-49">
         <name>.debug_abbrev</name>
         <load_address>0xd2a</load_address>
         <run_address>0xd2a</run_address>
         <size>0xda</size>
         <input_file_ref idref="fl-15"/>
      </object_component>
      <object_component id="oc-4c">
         <name>.debug_abbrev</name>
         <load_address>0xe04</load_address>
         <run_address>0xe04</run_address>
         <size>0xaf</size>
         <input_file_ref idref="fl-16"/>
      </object_component>
      <object_component id="oc-4f">
         <name>.debug_abbrev</name>
         <load_address>0xeb3</load_address>
         <run_address>0xeb3</run_address>
         <size>0xda</size>
         <input_file_ref idref="fl-17"/>
      </object_component>
      <object_component id="oc-52">
         <name>.debug_abbrev</name>
         <load_address>0xf8d</load_address>
         <run_address>0xf8d</run_address>
         <size>0xa6</size>
         <input_file_ref idref="fl-18"/>
      </object_component>
      <object_component id="oc-55">
         <name>.debug_abbrev</name>
         <load_address>0x1033</load_address>
         <run_address>0x1033</run_address>
         <size>0x81</size>
         <input_file_ref idref="fl-19"/>
      </object_component>
      <object_component id="oc-58">
         <name>.debug_abbrev</name>
         <load_address>0x10b4</load_address>
         <run_address>0x10b4</run_address>
         <size>0xe9</size>
         <input_file_ref idref="fl-1a"/>
      </object_component>
      <object_component id="oc-5b">
         <name>.debug_abbrev</name>
         <load_address>0x119d</load_address>
         <run_address>0x119d</run_address>
         <size>0xaf</size>
         <input_file_ref idref="fl-1b"/>
      </object_component>
      <object_component id="oc-60">
         <name>.debug_abbrev</name>
         <load_address>0x124c</load_address>
         <run_address>0x124c</run_address>
         <size>0xcc</size>
         <input_file_ref idref="fl-1c"/>
      </object_component>
      <object_component id="oc-63">
         <name>.debug_abbrev</name>
         <load_address>0x1318</load_address>
         <run_address>0x1318</run_address>
         <size>0x8f</size>
         <input_file_ref idref="fl-1d"/>
      </object_component>
      <object_component id="oc-66">
         <name>.debug_abbrev</name>
         <load_address>0x13a7</load_address>
         <run_address>0x13a7</run_address>
         <size>0x8f</size>
         <input_file_ref idref="fl-1e"/>
      </object_component>
      <object_component id="oc-69">
         <name>.debug_abbrev</name>
         <load_address>0x1436</load_address>
         <run_address>0x1436</run_address>
         <size>0xaf</size>
         <input_file_ref idref="fl-1f"/>
      </object_component>
      <object_component id="oc-6c">
         <name>.debug_abbrev</name>
         <load_address>0x14e5</load_address>
         <run_address>0x14e5</run_address>
         <size>0xac</size>
         <input_file_ref idref="fl-20"/>
      </object_component>
      <object_component id="oc-6f">
         <name>.debug_abbrev</name>
         <load_address>0x1591</load_address>
         <run_address>0x1591</run_address>
         <size>0xcc</size>
         <input_file_ref idref="fl-21"/>
      </object_component>
      <object_component id="oc-72">
         <name>.debug_abbrev</name>
         <load_address>0x165d</load_address>
         <run_address>0x165d</run_address>
         <size>0x98</size>
         <input_file_ref idref="fl-22"/>
      </object_component>
      <object_component id="oc-a7">
         <name>.debug_abbrev</name>
         <load_address>0x16f5</load_address>
         <run_address>0x16f5</run_address>
         <size>0xd</size>
      </object_component>
   </object_component_list>
   <logical_group_list>
      <logical_group id="lg-2">
         <name>.bss</name>
         <run_address>0x10803c3c</run_address>
         <size>0x30</size>
         <contents>
            <object_component_ref idref="oc-e"/>
         </contents>
      </logical_group>
      <logical_group id="lg-3">
         <name>.cinit</name>
         <load_address>0x10803b10</load_address>
         <run_address>0x10803b10</run_address>
         <size>0x12c</size>
         <contents>
            <object_component_ref idref="oc-10"/>
            <object_component_ref idref="oc-37"/>
            <object_component_ref idref="oc-5d"/>
            <object_component_ref idref="oc-1a"/>
         </contents>
      </logical_group>
      <logical_group id="lg-4">
         <name>.cio</name>
         <run_address>0x0</run_address>
         <size>0x0</size>
         <contents>
         </contents>
      </logical_group>
      <logical_group id="lg-5">
         <name>.const</name>
         <run_address>0x0</run_address>
         <size>0x0</size>
         <contents>
         </contents>
      </logical_group>
      <logical_group id="lg-6">
         <name>.data</name>
         <run_address>0x10800000</run_address>
         <size>0x0</size>
         <contents>
         </contents>
      </logical_group>
      <logical_group id="lg-7">
         <name>.far</name>
         <run_address>0x108031e0</run_address>
         <size>0x92c</size>
         <contents>
            <object_component_ref idref="oc-11"/>
            <object_component_ref idref="oc-1b"/>
            <object_component_ref idref="oc-38"/>
            <object_component_ref idref="oc-5e"/>
         </contents>
      </logical_group>
      <logical_group id="lg-8">
         <name>.stack</name>
         <run_address>0x108021e0</run_address>
         <size>0x1000</size>
         <contents>
            <object_component_ref idref="oc-16"/>
            <object_component_ref idref="oc-a5"/>
         </contents>
      </logical_group>
      <logical_group id="lg-9">
         <name>.switch</name>
         <run_address>0x0</run_address>
         <size>0x0</size>
         <contents>
         </contents>
      </logical_group>
      <logical_group id="lg-a">
         <name>.sysmem</name>
         <run_address>0x0</run_address>
         <size>0x0</size>
         <contents>
         </contents>
      </logical_group>
      <logical_group id="lg-b">
         <name>.text</name>
         <load_address>0x10800000</load_address>
         <run_address>0x10800000</run_address>
         <size>0x21e0</size>
         <contents>
            <object_component_ref idref="oc-7d"/>
            <object_component_ref idref="oc-7c"/>
            <object_component_ref idref="oc-79"/>
            <object_component_ref idref="oc-80"/>
            <object_component_ref idref="oc-85"/>
            <object_component_ref idref="oc-7e"/>
            <object_component_ref idref="oc-8d"/>
            <object_component_ref idref="oc-83"/>
            <object_component_ref idref="oc-8f"/>
            <object_component_ref idref="oc-86"/>
            <object_component_ref idref="oc-84"/>
            <object_component_ref idref="oc-73"/>
            <object_component_ref idref="oc-75"/>
            <object_component_ref idref="oc-7f"/>
            <object_component_ref idref="oc-76"/>
            <object_component_ref idref="oc-77"/>
            <object_component_ref idref="oc-8a"/>
            <object_component_ref idref="oc-81"/>
            <object_component_ref idref="oc-87"/>
            <object_component_ref idref="oc-90"/>
            <object_component_ref idref="oc-78"/>
            <object_component_ref idref="oc-7b"/>
            <object_component_ref idref="oc-88"/>
            <object_component_ref idref="oc-8e"/>
            <object_component_ref idref="oc-d"/>
            <object_component_ref idref="oc-74"/>
            <object_component_ref idref="oc-8c"/>
            <object_component_ref idref="oc-8b"/>
            <object_component_ref idref="oc-82"/>
            <object_component_ref idref="oc-89"/>
            <object_component_ref idref="oc-7a"/>
         </contents>
      </logical_group>
      <logical_group id="lg-c">
         <name>.ddr2</name>
         <run_address>0x0</run_address>
         <size>0x0</size>
         <contents>
         </contents>
      </logical_group>
      <logical_group id="lg-9c">
         <name>.debug_info</name>
         <load_address>0x0</load_address>
         <run_address>0x0</run_address>
         <size>0xcbff</size>
         <contents>
            <object_component_ref idref="oc-f"/>
            <object_component_ref idref="oc-15"/>
            <object_component_ref idref="oc-19"/>
            <object_component_ref idref="oc-1e"/>
            <object_component_ref idref="oc-21"/>
            <object_component_ref idref="oc-24"/>
            <object_component_ref idref="oc-27"/>
            <object_component_ref idref="oc-2a"/>
            <object_component_ref idref="oc-2d"/>
            <object_component_ref idref="oc-30"/>
            <object_component_ref idref="oc-33"/>
            <object_component_ref idref="oc-36"/>
            <object_component_ref idref="oc-3b"/>
            <object_component_ref idref="oc-3e"/>
            <object_component_ref idref="oc-41"/>
            <object_component_ref idref="oc-44"/>
            <object_component_ref idref="oc-47"/>
            <object_component_ref idref="oc-4a"/>
            <object_component_ref idref="oc-4d"/>
            <object_component_ref idref="oc-50"/>
            <object_component_ref idref="oc-53"/>
            <object_component_ref idref="oc-56"/>
            <object_component_ref idref="oc-59"/>
            <object_component_ref idref="oc-5c"/>
            <object_component_ref idref="oc-61"/>
            <object_component_ref idref="oc-64"/>
            <object_component_ref idref="oc-67"/>
            <object_component_ref idref="oc-6a"/>
            <object_component_ref idref="oc-6d"/>
            <object_component_ref idref="oc-70"/>
            <object_component_ref idref="oc-a6"/>
         </contents>
      </logical_group>
      <logical_group id="lg-9e">
         <name>.debug_frame</name>
         <load_address>0x0</load_address>
         <run_address>0x0</run_address>
         <size>0x29e</size>
         <contents>
            <object_component_ref idref="oc-12"/>
         </contents>
      </logical_group>
      <logical_group id="lg-a0">
         <name>.debug_line</name>
         <load_address>0x0</load_address>
         <run_address>0x0</run_address>
         <size>0x822</size>
         <contents>
            <object_component_ref idref="oc-13"/>
            <object_component_ref idref="oc-17"/>
            <object_component_ref idref="oc-1c"/>
            <object_component_ref idref="oc-1f"/>
            <object_component_ref idref="oc-22"/>
            <object_component_ref idref="oc-25"/>
            <object_component_ref idref="oc-28"/>
            <object_component_ref idref="oc-2b"/>
            <object_component_ref idref="oc-2e"/>
            <object_component_ref idref="oc-31"/>
            <object_component_ref idref="oc-34"/>
            <object_component_ref idref="oc-39"/>
            <object_component_ref idref="oc-3c"/>
            <object_component_ref idref="oc-3f"/>
            <object_component_ref idref="oc-42"/>
            <object_component_ref idref="oc-45"/>
            <object_component_ref idref="oc-48"/>
            <object_component_ref idref="oc-4b"/>
            <object_component_ref idref="oc-4e"/>
            <object_component_ref idref="oc-51"/>
            <object_component_ref idref="oc-54"/>
            <object_component_ref idref="oc-57"/>
            <object_component_ref idref="oc-5a"/>
            <object_component_ref idref="oc-5f"/>
            <object_component_ref idref="oc-62"/>
            <object_component_ref idref="oc-65"/>
            <object_component_ref idref="oc-68"/>
            <object_component_ref idref="oc-6b"/>
            <object_component_ref idref="oc-6e"/>
            <object_component_ref idref="oc-71"/>
         </contents>
      </logical_group>
      <logical_group id="lg-a2">
         <name>.debug_abbrev</name>
         <load_address>0x0</load_address>
         <run_address>0x0</run_address>
         <size>0x1702</size>
         <contents>
            <object_component_ref idref="oc-14"/>
            <object_component_ref idref="oc-18"/>
            <object_component_ref idref="oc-1d"/>
            <object_component_ref idref="oc-20"/>
            <object_component_ref idref="oc-23"/>
            <object_component_ref idref="oc-26"/>
            <object_component_ref idref="oc-29"/>
            <object_component_ref idref="oc-2c"/>
            <object_component_ref idref="oc-2f"/>
            <object_component_ref idref="oc-32"/>
            <object_component_ref idref="oc-35"/>
            <object_component_ref idref="oc-3a"/>
            <object_component_ref idref="oc-3d"/>
            <object_component_ref idref="oc-40"/>
            <object_component_ref idref="oc-43"/>
            <object_component_ref idref="oc-46"/>
            <object_component_ref idref="oc-49"/>
            <object_component_ref idref="oc-4c"/>
            <object_component_ref idref="oc-4f"/>
            <object_component_ref idref="oc-52"/>
            <object_component_ref idref="oc-55"/>
            <object_component_ref idref="oc-58"/>
            <object_component_ref idref="oc-5b"/>
            <object_component_ref idref="oc-60"/>
            <object_component_ref idref="oc-63"/>
            <object_component_ref idref="oc-66"/>
            <object_component_ref idref="oc-69"/>
            <object_component_ref idref="oc-6c"/>
            <object_component_ref idref="oc-6f"/>
            <object_component_ref idref="oc-72"/>
            <object_component_ref idref="oc-a7"/>
         </contents>
      </logical_group>
   </logical_group_list>
   <placement_map>
      <memory_area>
         <name>L2RAM</name>
         <page_id>0x0</page_id>
         <origin>0x10800000</origin>
         <length>0x20000</length>
         <used_space>0x3c68</used_space>
         <unused_space>0x1c398</unused_space>
         <attributes>RWIX</attributes>
         <usage_details>
            <allocated_space>
               <start_address>0x10800000</start_address>
               <size>0x0</size>
               <logical_group_ref idref="lg-6"/>
            </allocated_space>
            <allocated_space>
               <start_address>0x10800000</start_address>
               <size>0x21e0</size>
               <logical_group_ref idref="lg-b"/>
            </allocated_space>
            <allocated_space>
               <start_address>0x108021e0</start_address>
               <size>0x1000</size>
               <logical_group_ref idref="lg-8"/>
            </allocated_space>
            <allocated_space>
               <start_address>0x108031e0</start_address>
               <size>0x92c</size>
               <logical_group_ref idref="lg-7"/>
            </allocated_space>
            <available_space>
               <start_address>0x10803b0c</start_address>
               <size>0x4</size>
            </available_space>
            <allocated_space>
               <start_address>0x10803b10</start_address>
               <size>0x12c</size>
               <logical_group_ref idref="lg-3"/>
            </allocated_space>
            <allocated_space>
               <start_address>0x10803c3c</start_address>
               <size>0x30</size>
               <logical_group_ref idref="lg-2"/>
            </allocated_space>
            <available_space>
               <start_address>0x10803c6c</start_address>
               <size>0x1c394</size>
            </available_space>
         </usage_details>
      </memory_area>
      <memory_area>
         <name>DDR2</name>
         <page_id>0x0</page_id>
         <origin>0x80000000</origin>
         <length>0x10000000</length>
         <used_space>0x0</used_space>
         <unused_space>0x10000000</unused_space>
         <attributes>RWIX</attributes>
         <usage_details>
         </usage_details>
      </memory_area>
   </placement_map>
   <symbol_table>
      <symbol id="sm-0">
         <name>cinit</name>
         <value>0x10803b10</value>
      </symbol>
      <symbol id="sm-1">
         <name>___cinit__</name>
         <value>0x10803b10</value>
      </symbol>
      <symbol id="sm-2">
         <name>pinit</name>
         <value>0xffffffff</value>
      </symbol>
      <symbol id="sm-3">
         <name>___pinit__</name>
         <value>0xffffffff</value>
      </symbol>
      <symbol id="sm-4">
         <name>binit</name>
         <value>0xffffffff</value>
      </symbol>
      <symbol id="sm-5">
         <name>___binit__</name>
         <value>0xffffffff</value>
      </symbol>
      <symbol id="sm-6">
         <name>__STACK_SIZE</name>
         <value>0x1000</value>
      </symbol>
      <symbol id="sm-7">
         <name>__STACK_END</name>
         <value>0x108031e0</value>
      </symbol>
      <symbol id="sm-8">
         <name>___c_args__</name>
         <value>0xffffffff</value>
      </symbol>
      <symbol id="sm-9">
         <name>.text</name>
         <value>0x10800000</value>
      </symbol>
      <symbol id="sm-a">
         <name>___text__</name>
         <value>0x10800000</value>
      </symbol>
      <symbol id="sm-b">
         <name>etext</name>
         <value>0x108021e0</value>
      </symbol>
      <symbol id="sm-c">
         <name>___etext__</name>
         <value>0x108021e0</value>
      </symbol>
      <symbol id="sm-d">
         <name>.data</name>
         <value>0x10800000</value>
      </symbol>
      <symbol id="sm-e">
         <name>___data__</name>
         <value>0x10800000</value>
      </symbol>
      <symbol id="sm-f">
         <name>edata</name>
         <value>0x10800000</value>
      </symbol>
      <symbol id="sm-10">
         <name>___edata__</name>
         <value>0x10800000</value>
      </symbol>
      <symbol id="sm-11">
         <name>.bss</name>
         <value>0x10803c3c</value>
      </symbol>
      <symbol id="sm-12">
         <name>___bss__</name>
         <value>0x10803c3c</value>
      </symbol>
      <symbol id="sm-13">
         <name>end</name>
         <value>0x10803c6c</value>
      </symbol>
      <symbol id="sm-14">
         <name>___end__</name>
         <value>0x10803c6c</value>
      </symbol>
      <symbol id="sm-15">
         <name>___TI_pprof_out_hndl</name>
         <value>0xffffffff</value>
      </symbol>
      <symbol id="sm-16">
         <name>___TI_prof_data_start</name>
         <value>0xffffffff</value>
      </symbol>
      <symbol id="sm-17">
         <name>___TI_prof_data_size</name>
         <value>0xffffffff</value>
      </symbol>
      <symbol id="sm-18">
         <name>$bss</name>
         <value>0x10803c3c</value>
      </symbol>
      <symbol id="sm-6c">
         <name>_main</name>
         <value>0x108007c0</value>
         <object_component_ref idref="oc-79"/>
      </symbol>
      <symbol id="sm-6d">
         <name>_fXn</name>
         <value>0x10803230</value>
         <object_component_ref idref="oc-11"/>
      </symbol>
      <symbol id="sm-6e">
         <name>_fStepSignal3</name>
         <value>0x10803c58</value>
         <object_component_ref idref="oc-e"/>
      </symbol>
      <symbol id="sm-6f">
         <name>_fStepSignal2</name>
         <value>0x10803c54</value>
         <object_component_ref idref="oc-e"/>
      </symbol>
      <symbol id="sm-70">
         <name>_fStepSignal1</name>
         <value>0x10803c50</value>
         <object_component_ref idref="oc-e"/>
      </symbol>
      <symbol id="sm-71">
         <name>_fOutput</name>
         <value>0x10803c40</value>
         <object_component_ref idref="oc-e"/>
      </symbol>
      <symbol id="sm-72">
         <name>_fInput</name>
         <value>0x10803c3c</value>
         <object_component_ref idref="oc-e"/>
      </symbol>
      <symbol id="sm-73">
         <name>_FIR</name>
         <value>0x10800a80</value>
         <object_component_ref idref="oc-79"/>
      </symbol>
      <symbol id="sm-74">
         <name>_nIn</name>
         <value>0x10803c64</value>
         <object_component_ref idref="oc-e"/>
      </symbol>
      <symbol id="sm-75">
         <name>_fIn</name>
         <value>0x10803280</value>
         <object_component_ref idref="oc-11"/>
      </symbol>
      <symbol id="sm-76">
         <name>_fHn</name>
         <value>0x108031e0</value>
         <object_component_ref idref="oc-11"/>
      </symbol>
      <symbol id="sm-77">
         <name>_nOut</name>
         <value>0x10803c68</value>
         <object_component_ref idref="oc-e"/>
      </symbol>
      <symbol id="sm-78">
         <name>_fSignal1</name>
         <value>0x10803c44</value>
         <object_component_ref idref="oc-e"/>
      </symbol>
      <symbol id="sm-79">
         <name>_fSignal3</name>
         <value>0x10803c4c</value>
         <object_component_ref idref="oc-e"/>
      </symbol>
      <symbol id="sm-7a">
         <name>_fSignal2</name>
         <value>0x10803c48</value>
         <object_component_ref idref="oc-e"/>
      </symbol>
      <symbol id="sm-7b">
         <name>_InputWave</name>
         <value>0x108008b8</value>
         <object_component_ref idref="oc-79"/>
      </symbol>
      <symbol id="sm-7c">
         <name>_f2PI</name>
         <value>0x10803c5c</value>
         <object_component_ref idref="oc-e"/>
      </symbol>
      <symbol id="sm-7d">
         <name>_i</name>
         <value>0x10803c60</value>
         <object_component_ref idref="oc-e"/>
      </symbol>
      <symbol id="sm-7e">
         <name>_fOut</name>
         <value>0x10803680</value>
         <object_component_ref idref="oc-11"/>
      </symbol>
      <symbol id="sm-8d">
         <name>_c_int00</name>
         <value>0x10802040</value>
         <object_component_ref idref="oc-d"/>
      </symbol>
      <symbol id="sm-8e">
         <name>__stack</name>
         <value>0x108021e0</value>
         <object_component_ref idref="oc-16"/>
      </symbol>
      <symbol id="sm-a5">
         <name>C$$EXIT</name>
         <value>0x108021c0</value>
         <object_component_ref idref="oc-7a"/>
      </symbol>
      <symbol id="sm-a6">
         <name>_exit</name>
         <value>0x10801a00</value>
         <object_component_ref idref="oc-75"/>
      </symbol>
      <symbol id="sm-a7">
         <name>___TI_enable_exit_profile_output</name>
         <value>0x10803b08</value>
         <object_component_ref idref="oc-1b"/>
      </symbol>
      <symbol id="sm-a8">
         <name>_abort</name>
         <value>0x108021c0</value>
         <object_component_ref idref="oc-7a"/>
      </symbol>
      <symbol id="sm-a9">
         <name>__cleanup_ptr</name>
         <value>0x10803b00</value>
         <object_component_ref idref="oc-1b"/>
      </symbol>
      <symbol id="sm-aa">
         <name>__dtors_ptr</name>
         <value>0x10803b04</value>
         <object_component_ref idref="oc-1b"/>
      </symbol>
      <symbol id="sm-b4">
         <name>__args_main</name>
         <value>0x108020a0</value>
         <object_component_ref idref="oc-74"/>
      </symbol>
      <symbol id="sm-b5">
         <name>__TI_args_main</name>
         <value>0x1</value>
      </symbol>
      <symbol id="sm-c4">
         <name>__auto_init</name>
         <value>0x10801940</value>
         <object_component_ref idref="oc-73"/>
      </symbol>
      <symbol id="sm-d1">
         <name>___TI_cpp_init</name>
         <value>0x10801ec0</value>
         <object_component_ref idref="oc-78"/>
      </symbol>
      <symbol id="sm-df">
         <name>_copy_in</name>
         <value>0x10801b60</value>
         <object_component_ref idref="oc-76"/>
      </symbol>
      <symbol id="sm-e7">
         <name>_memcpy</name>
         <value>0x10801c00</value>
         <object_component_ref idref="oc-77"/>
      </symbol>
      <symbol id="sm-f7">
         <name>__addd</name>
         <value>0x10801060</value>
         <object_component_ref idref="oc-7e"/>
      </symbol>
      <symbol id="sm-10b">
         <name>__addf</name>
         <value>0x10800b20</value>
         <object_component_ref idref="oc-80"/>
      </symbol>
      <symbol id="sm-117">
         <name>__cmpf</name>
         <value>0x10801d40</value>
         <object_component_ref idref="oc-81"/>
      </symbol>
      <symbol id="sm-13a">
         <name>_cos</name>
         <value>0x10800000</value>
         <object_component_ref idref="oc-7d"/>
      </symbol>
      <symbol id="sm-145">
         <name>__cvtdf</name>
         <value>0x10801ac0</value>
         <object_component_ref idref="oc-7f"/>
      </symbol>
      <symbol id="sm-14f">
         <name>__cvtfd</name>
         <value>0x10801f20</value>
         <object_component_ref idref="oc-7b"/>
      </symbol>
      <symbol id="sm-15c">
         <name>__fixdi</name>
         <value>0x10801dc0</value>
         <object_component_ref idref="oc-87"/>
      </symbol>
      <symbol id="sm-167">
         <name>__fltid</name>
         <value>0x10801f80</value>
         <object_component_ref idref="oc-88"/>
      </symbol>
      <symbol id="sm-177">
         <name>__frcaddd</name>
         <value>0x10801260</value>
         <object_component_ref idref="oc-8d"/>
      </symbol>
      <symbol id="sm-184">
         <name>_modf</name>
         <value>0x10801ca0</value>
         <object_component_ref idref="oc-8a"/>
      </symbol>
      <symbol id="sm-19a">
         <name>__mpyd</name>
         <value>0x10800e00</value>
         <object_component_ref idref="oc-85"/>
      </symbol>
      <symbol id="sm-1af">
         <name>__mpyf</name>
         <value>0x10801460</value>
         <object_component_ref idref="oc-83"/>
      </symbol>
      <symbol id="sm-1b9">
         <name>__negd</name>
         <value>0x108020e0</value>
         <object_component_ref idref="oc-8c"/>
      </symbol>
      <symbol id="sm-1c6">
         <name>__renormd</name>
         <value>0x10801e40</value>
         <object_component_ref idref="oc-90"/>
      </symbol>
      <symbol id="sm-1d7">
         <name>__nround</name>
         <value>0x10801760</value>
         <object_component_ref idref="oc-86"/>
      </symbol>
      <symbol id="sm-1f6">
         <name>_sin</name>
         <value>0x10800400</value>
         <object_component_ref idref="oc-7c"/>
      </symbol>
      <symbol id="sm-200">
         <name>__subd</name>
         <value>0x10802120</value>
         <object_component_ref idref="oc-8b"/>
      </symbol>
      <symbol id="sm-20a">
         <name>__subf</name>
         <value>0x10802160</value>
         <object_component_ref idref="oc-82"/>
      </symbol>
      <symbol id="sm-214">
         <name>__trunc</name>
         <value>0x108021a0</value>
         <object_component_ref idref="oc-89"/>
      </symbol>
      <symbol id="sm-223">
         <name>__cmpd</name>
         <value>0x10801860</value>
         <object_component_ref idref="oc-84"/>
      </symbol>
      <symbol id="sm-22d">
         <name>__frcmpyd</name>
         <value>0x10801660</value>
         <object_component_ref idref="oc-8f"/>
      </symbol>
      <symbol id="sm-237">
         <name>__frcmpyf</name>
         <value>0x10801fe0</value>
         <object_component_ref idref="oc-8e"/>
      </symbol>
   </symbol_table>
</link_info>
